date,ULTRACEMCO,GRASIM,AMBUJACEM,SHREECEM,JKCEMENT,DALBHARAT,ACC,RAMCOCEM,JSWCEMENT,NUVOCO,INDIACEM,JKLAKSHMI,STARCEMENT,BIRLACORPN,PRSMJOHNSN,ORIENTCEM
2025-08-14,0.006773650646209717,-0.006919384002685547,-0.004820525646209717,-0.0003288388252258301,-0.008861660957336426,0.00022017955780029297,-0.002015411853790283,0.000750422477722168,0.0,0.005279362201690674,-0.0,-0.013312101364135742,-0.004348874092102051,-0.01935678720474243,-0.007766544818878174,-0.004300951957702637
2025-08-18,-0.03637254238128662,-0.029295802116394043,0.0207594633102417,-0.030921101570129395,-0.0434192419052124,-0.026648402214050293,-0.034105539321899414,0.019312024116516113,0.0,0.005307435989379883,-0.005557060241699219,-0.054802894592285156,-0.006893515586853027,0.012897133827209473,0.017261862754821777,0.021597743034362793
2025-08-19,-0.007677197456359863,0.006184279918670654,0.0039827823638916016,0.013880014419555664,-0.012730121612548828,-0.0067359209060668945,-0.00867915153503418,-0.0007358193397521973,0.0,-0.01711869239807129,-0.006200313568115234,0.006553947925567627,-0.007603049278259277,0.0035713911056518555,0.021777987480163574,0.0020513534545898438
2025-08-20,-0.0008552074432373047,-0.012940526008605957,-0.0008440017700195312,0.006956815719604492,-0.018990278244018555,0.0008949637413024902,-0.0019359588623046875,0.025862812995910645,-0.0,-0.007978081703186035,0.0080375075340271,0.00026601552963256836,0.01410132646560669,-0.01632368564605713,-0.0028238892555236816,0.0011698007583618164
2025-08-21,0.00031071901321411133,-0.0056896209716796875,-0.005321860313415527,0.002769649028778076,-0.05372065305709839,-0.0019195079803466797,0.007084965705871582,-0.002870917320251465,0.0,-0.011167764663696289,-0.055908203125,-0.0005321502685546875,-0.01665794849395752,0.029807329177856445,0.00573122501373291,0.013353347778320312
2025-08-22,0.021833717823028564,0.023392975330352783,-0.0197027325630188,0.019604623317718506,-0.04107093811035156,0.009578943252563477,0.015568435192108154,-0.03428107500076294,-0.0,0.019193589687347412,0.036961257457733154,0.015956580638885498,0.057398855686187744,-0.010386407375335693,0.0017430782318115234,-0.021124958992004395
2025-08-25,-0.00135040283203125,0.0008530020713806152,0.006670713424682617,-0.0003333091735839844,0.01586019992828369,-0.00906980037689209,0.007358193397521973,-0.009037613868713379,0.0,0.009183347225189209,-0.014342665672302246,-0.005459189414978027,-0.020274043083190918,-0.009955286979675293,-0.005822479724884033,-0.00997018814086914
2025-08-26,-0.0003173351287841797,0.005406558513641357,-0.01411360502243042,-0.003165125846862793,-0.0023023486137390137,-0.004557967185974121,0.0050893425941467285,-0.018898069858551025,-0.0,-0.024715900421142578,-0.0032731294631958008,0.004730641841888428,-0.0017001628875732422,-0.020500481128692627,-0.00457763671875,-0.014574646949768066
2025-08-28,0.007057905197143555,0.004255712032318115,-0.019203901290893555,0.014447033405303955,0.0075719356536865234,0.0028835535049438477,-0.0013900995254516602,-0.008816421031951904,-0.0,-0.00010764598846435547,-0.003653883934020996,0.00826406478881836,0.0054808855056762695,-0.0046155452728271484,-0.003516554832458496,-0.019016027450561523
2025-08-29,-0.009504079818725586,0.0031246542930603027,0.002492070198059082,0.013479351997375488,-0.00565415620803833,-0.021306514739990234,-0.00044417381286621094,0.012085437774658203,0.0,0.017980217933654785,0.007931292057037354,-0.0033767223358154297,-0.013866662979125977,0.0006395578384399414,-0.008415400981903076,-0.045230746269226074
2025-09-01,-0.014715194702148438,-0.01019597053527832,0.006924629211425781,-0.0203244686126709,0.017418861389160156,-0.0007495880126953125,-0.009212970733642578,0.011176824569702148,0.0,-0.00032901763916015625,-0.005635619163513184,-0.02822554111480713,-0.04260909557342529,0.018616199493408203,0.010403156280517578,0.021315693855285645
2025-09-02,0.007484793663024902,0.008595108985900879,0.0002645254135131836,-0.004184842109680176,-0.010399699211120605,0.000457763671875,-0.0019797086715698242,0.02087855339050293,0.0,-0.005041599273681641,-0.0037795305252075195,-0.0019004344940185547,0.004709005355834961,0.018119096755981445,0.014902114868164062,0.017580270767211914
2025-09-03,-0.00023567676544189453,-0.0005755424499511719,0.011458754539489746,0.0018336176872253418,-0.03410065174102783,-0.003913164138793945,-0.011580705642700195,0.003516554832458496,0.0,-0.008724093437194824,-0.048429012298583984,-0.012856364250183105,-0.009631633758544922,0.0032356977462768555,0.002936720848083496,-0.0025693178176879883
2025-09-04,0.00643998384475708,-0.010210752487182617,-0.010544657707214355,-0.00016701221466064453,-0.011398136615753174,0.0012440085411071777,0.0014649033546447754,0.005440831184387207,-0.0,-0.017513513565063477,0.0055727362632751465,0.028091371059417725,0.023933053016662598,-0.0067577362060546875,-0.007919073104858398,0.006128907203674316
2025-09-05,0.0039522647857666016,0.002064228057861328,-0.0017614960670471191,-0.0031725168228149414,-0.006663143634796143,-0.0007058382034301758,0.00619429349899292,-0.018802165985107422,-0.0,0.014237165451049805,0.015691101551055908,0.0067441463470458984,-0.002400517463684082,-0.01028299331665039,-0.020660042762756348,-0.011256217956542969
2025-09-08,-0.004999637603759766,-3.5643577575683594e-05,0.006352543830871582,-0.014813542366027832,0.02464580535888672,0.00012451410293579102,-0.0050847530364990234,-0.018695056438446045,-0.0,0.02295750379562378,-0.020369410514831543,0.004311025142669678,0.03523772954940796,0.012498974800109863,0.006369829177856445,-0.006786048412322998
2025-09-09,0.007264673709869385,0.0029243826866149902,-0.004734396934509277,0.009676873683929443,-0.015446841716766357,-0.00024902820587158203,-0.0064733028411865234,0.005239129066467285,-0.0,0.0019856691360473633,0.028766274452209473,0.014558613300323486,0.015070915222167969,-0.011650323867797852,-0.008439302444458008,-0.00022476911544799805
2025-09-10,0.007476925849914551,0.0036123991012573242,-0.0013213753700256348,0.009937047958374023,-0.015913307666778564,0.0037750601768493652,0.0007566213607788086,-0.008907437324523926,-0.0,0.021885693073272705,0.005361974239349365,0.0038994550704956055,0.01962202787399292,0.008118629455566406,0.0196993350982666,-0.0037766098976135254
2025-09-11,0.006892144680023193,-0.004738330841064453,-0.011378586292266846,0.0020073652267456055,0.005921602249145508,-0.0034562349319458008,0.0024340152740478516,-0.014246106147766113,-0.0,0.031868040561676025,-0.012835264205932617,0.00033080577850341797,0.0018361806869506836,-0.013706088066101074,0.009154558181762695,0.0067244768142700195
2025-09-12,0.0017753243446350098,-0.0010718107223510742,0.0002676248550415039,0.00838083028793335,-0.01056605577468872,-0.0006638765335083008,-0.0033074617385864258,-9.697675704956055e-05,0.0,-0.0007003545761108398,0.007350146770477295,0.004798412322998047,-0.001287698745727539,-0.0027478933334350586,-0.007537364959716797,-0.01129692792892456
2025-09-15,-0.005254626274108887,-0.00014269351959228516,0.01462852954864502,0.010311007499694824,-0.012204408645629883,-0.0014929771423339844,-0.005620360374450684,0.014647364616394043,0.0,-0.015863776206970215,-0.017107129096984863,-0.007315397262573242,-0.011941909790039062,0.004644989967346191,-0.001344144344329834,0.008478760719299316
2025-09-16,-0.011499762535095215,-0.014487624168395996,0.008615374565124512,-0.01024770736694336,0.03305017948150635,-0.005341529846191406,-0.002794504165649414,-0.005736112594604492,-0.0,-0.01687908172607422,-0.005899310111999512,-0.005611777305603027,0.010348618030548096,0.01144111156463623,0.006124258041381836,0.017534494400024414
2025-09-17,-0.011369109153747559,-0.007879018783569336,0.014642953872680664,-0.003719329833984375,0.013230681419372559,-0.019893765449523926,0.005359053611755371,0.021346092224121094,-0.0,-0.006549239158630371,-0.014100313186645508,0.0009301304817199707,0.0033020973205566406,0.0008523464202880859,-0.004548430442810059,0.010825395584106445
2025-09-18,0.007467985153198242,-0.0046765804290771484,-0.0018039345741271973,-0.009263992309570312,0.003319859504699707,0.01130765676498413,-0.0011314153671264648,0.00018835067749023438,0.0,-0.006170034408569336,0.01722651720046997,0.018345117568969727,0.005521833896636963,-0.005728483200073242,-0.11806201934814453,-0.009048402309417725
2025-09-19,0.009345769882202148,0.0003126859664916992,0.0024957656860351562,0.0026702284812927246,0.009117603302001953,0.015644192695617676,-0.011301875114440918,-0.007718443870544434,-0.0,0.002229928970336914,0.0016276240348815918,0.0011714696884155273,-0.012215495109558105,0.011289358139038086,-0.008113503456115723,-0.03149539232254028
2025-09-22,-0.011352777481079102,0.008269846439361572,0.013477563858032227,0.005856752395629883,-0.0003643035888671875,0.01302957534790039,-0.0015964508056640625,-0.009296059608459473,0.0,0.00033527612686157227,0.019312798976898193,0.007595658302307129,0.011153817176818848,0.0023096799850463867,0.014129042625427246,0.01744401454925537
2025-09-23,-0.019683778285980225,-0.014225184917449951,0.002202272415161133,-0.002861499786376953,-0.0013120770454406738,0.01652306318283081,0.0018596053123474121,0.0005744695663452148,-0.0,0.003129899501800537,0.023785114288330078,0.009792327880859375,0.0027736425399780273,-0.002073943614959717,-0.017596960067749023,-0.051210880279541016
2025-09-24,-0.01507943868637085,-0.0021681785583496094,-0.015128374099731445,0.004699587821960449,-0.026421427726745605,0.00786590576171875,-0.009421885013580322,-0.004784703254699707,-0.0,-0.010540485382080078,-0.012575268745422363,0.01921004056930542,-0.0014834403991699219,-0.012546122074127197,0.004100322723388672,0.020014464855194092
2025-09-25,-0.005976736545562744,-0.01025855541229248,-0.005577981472015381,0.0045531392097473145,-0.013269364833831787,-0.025206804275512695,-0.004997611045837402,-0.011538445949554443,-0.0,0.018530845642089844,0.008150041103363037,0.002201974391937256,0.030364692211151123,-0.008340537548065186,-0.007220029830932617,-0.015426039695739746
2025-09-26,-0.005847930908203125,-0.011444628238677979,-0.024508118629455566,-0.020498037338256836,-0.03548091650009155,-0.02073115110397339,-0.014689981937408447,-0.025680959224700928,-0.0,-0.050537049770355225,-0.00573885440826416,0.013357341289520264,0.03360706567764282,-0.027432739734649658,0.028554558753967285,0.03710198402404785
2025-09-29,-0.002402663230895996,3.635883331298828e-05,-0.00539630651473999,-0.02853679656982422,-0.0051988959312438965,0.0062743425369262695,-0.00915372371673584,-0.004692435264587402,-0.0,0.006787300109863281,0.0070029497146606445,0.009594500064849854,-0.010669827461242676,-0.014628708362579346,0.02134406566619873,0.027465403079986572
2025-09-30,0.015031933784484863,0.003640413284301758,0.013875246047973633,0.01580631732940674,-0.0022963285446166992,-0.0009420514106750488,0.009404182434082031,-0.01153576374053955,-0.0,-0.007451176643371582,-0.003003716468811035,-0.019137144088745117,0.005669593811035156,0.00016415119171142578,0.011403322219848633,-0.002239227294921875
2025-10-01,-0.01039111614227295,0.011897444725036621,0.0020176172256469727,-0.001025080680847168,0.0007936954498291016,0.0009877681732177734,0.0018085241317749023,0.00740814208984375,0.0,0.008579611778259277,-0.01875007152557373,-0.012129664421081543,0.005898535251617432,-0.005002439022064209,-0.0017018318176269531,-0.01691591739654541
2025-10-03,-0.006283581256866455,0.0006093978881835938,0.008842706680297852,0.0039255619049072266,0.0020618438720703125,0.010899782180786133,0.011542677879333496,-0.0029717087745666504,0.0,0.0027173757553100586,0.0113753080368042,0.005646407604217529,-0.005537986755371094,-0.0051100850105285645,-0.01082301139831543,-0.007577419281005859
2025-10-06,0.0029952526092529297,0.005731940269470215,-0.004078865051269531,-0.003941059112548828,0.004748344421386719,-0.001109302043914795,-0.008490562438964844,-0.010356128215789795,0.0,-0.006480515003204346,-0.018099546432495117,0.0033608078956604004,-0.004327297210693359,-0.012177884578704834,0.023904383182525635,0.009033441543579102
2025-10-07,0.01070094108581543,0.00021374225616455078,-0.006709635257720947,-0.008021831512451172,0.01921868324279785,-0.003509223461151123,0.013199448585510254,-0.026748299598693848,-0.0,0.017433643341064453,0.0017778277397155762,0.008953511714935303,-0.02232670783996582,0.007463932037353516,0.01065051555633545,-0.005702972412109375
2025-10-08,-0.015840470790863037,-0.010612547397613525,-0.006404101848602295,0.008296668529510498,-0.0061051249504089355,-0.0052155256271362305,0.004306674003601074,0.007059812545776367,-0.0,0.003963112831115723,0.013611435890197754,0.008037030696868896,-0.021839141845703125,-0.0010821819305419922,0.016373395919799805,0.012859463691711426
2025-10-09,0.016762614250183105,0.01166224479675293,-0.0007062554359436035,-0.006829380989074707,0.02340412139892578,0.0013890266418457031,0.004931449890136719,-0.009613513946533203,-0.0,0.004644155502319336,-0.013025522232055664,-0.002602219581604004,0.0028121471405029297,-0.012166619300842285,-0.020119309425354004,-0.0022164583206176758
2025-10-10,0.007299900054931641,0.0001423358917236328,0.005919694900512695,0.0013566017150878906,0.006078124046325684,-0.0031324028968811035,0.005760550498962402,-0.010365009307861328,0.0,0.0004622936248779297,0.004455745220184326,-0.004541993141174316,0.0016921162605285645,0.0015183687210083008,0.0050109028816223145,0.000902712345123291
2025-10-13,-0.008875489234924316,-0.004624664783477783,-0.004391729831695557,-0.005773425102233887,0.0014348030090332031,0.0031871795654296875,-0.008220195770263672,0.0076081156730651855,-0.0,-0.008663535118103027,-0.003708481788635254,0.010569572448730469,-0.006214618682861328,-0.007917702198028564,0.023308396339416504,0.009124934673309326
2025-10-14,-0.008379876613616943,-0.007934212684631348,-0.0055580735206604,-0.0,0.014252305030822754,-0.009754836559295654,-0.004063963890075684,0.008457839488983154,-0.0,-0.005360126495361328,0.01911073923110962,0.020534098148345947,0.003368854522705078,-0.006707429885864258,0.026178419589996338,0.020788729190826416
2025-10-15,0.019966840744018555,0.0147705078125,0.006032705307006836,-0.01097416877746582,-0.033308565616607666,0.002801656723022461,-0.0027382373809814453,-0.013368606567382812,0.0,-0.051780641078948975,-0.022470474243164062,-0.030356287956237793,0.02835679054260254,0.012992501258850098,0.005159139633178711,-0.0036780834197998047
2025-10-16,0.0038176774978637695,0.015265583992004395,0.004761934280395508,-0.0023380517959594727,0.008306384086608887,0.0023431777954101562,0.0014536380767822266,-0.013142943382263184,-0.0,0.02026188373565674,-0.0010162591934204102,0.0028815269470214844,-0.003285527229309082,0.000506281852722168,-0.004912972450256348,0.001762688159942627
2025-10-17,0.0009710788726806641,-0.008252382278442383,-0.010707437992095947,0.010663092136383057,-0.009916067123413086,0.009305953979492188,-0.014730393886566162,0.0053444504737854,-0.0,-0.004722654819488525,0.0053299665451049805,0.018931329250335693,0.006935060024261475,-0.000505983829498291,0.022543668746948242,0.003392159938812256
2025-10-20,-0.0019401907920837402,0.0062760114669799805,0.0033712387084960938,-0.02728193998336792,-0.009476125240325928,-0.02191448211669922,-0.0009821057319641113,-0.004933595657348633,0.0,0.015938639640808105,-0.0006378889083862305,0.0037270784378051758,-0.01901066303253174,-0.004556596279144287,-0.07460927963256836,0.0047092437744140625
2025-10-21,-0.00032401084899902344,0.005851387977600098,0.003536701202392578,0.0024237632751464844,0.00583338737487793,-0.004781663417816162,0.00983119010925293,-0.009964466094970703,0.0,0.011377215385437012,0.0035700201988220215,-0.016472578048706055,0.0030458569526672363,0.007459521293640137,-0.02986609935760498,-0.010400056838989258
2025-10-23,-0.015961766242980957,-0.0021248459815979004,-0.005550682544708252,0.0006908178329467773,-0.016548097133636475,-0.02361118793487549,0.003677845001220703,-0.007459759712219238,-0.0,0.0003552436828613281,-0.001919388771057129,0.003621041774749756,0.026923835277557373,-0.009423613548278809,-0.020714402198791504,0.006861984729766846
2025-10-24,-0.018690824508666992,-0.008133769035339355,-0.016567707061767578,-0.009147405624389648,-0.015961647033691406,-0.0165901780128479,-0.003017723560333252,-0.00014328956604003906,-0.0,-0.01775568723678589,0.003065168857574463,0.007506668567657471,0.014913678169250488,-0.007219910621643066,0.02601313591003418,0.004761934280395508
2025-10-27,0.008138895034790039,-0.02907109260559082,0.009459495544433594,-0.0040062665939331055,0.022612810134887695,-0.0024780631065368652,0.006810426712036133,-0.011081337928771973,0.0,0.024463653564453125,0.009223639965057373,-0.020229220390319824,-0.012549757957458496,0.005561232566833496,0.004419803619384766,0.0011727213859558105
2025-10-28,-0.006991267204284668,-0.0030781030654907227,-0.009549260139465332,-0.0001748800277709961,0.0033599138259887695,0.016625285148620605,-0.0010737180709838867,-0.0006613731384277344,-0.0,-0.0009410381317138672,-0.00025856494903564453,0.012179315090179443,0.009836733341217041,-0.0047647953033447266,0.020040512084960938,-0.002066373825073242
2025-10-29,0.0056993961334228516,-0.0087968111038208,-0.030365824699401855,-0.021864652633666992,-0.013706088066101074,0.0013158321380615234,0.009996294975280762,0.0013690590858459473,0.0,-0.014835715293884277,-0.011763215065002441,-0.011495590209960938,-0.021855711936950684,0.008463740348815918,-0.00815427303314209,-0.013450860977172852
2025-10-30,0.004500389099121094,0.0028052926063537598,0.00673365592956543,0.01609039306640625,-0.013738632202148438,-0.014877021312713623,-0.010589063167572021,0.002174675464630127,-0.0,0.009561419486999512,-0.022102952003479004,-0.02667534351348877,0.0027220845222473145,0.01305532455444336,-0.0082167387008667,0.0013411641120910645
2025-10-31,-0.00879448652267456,0.019895613193511963,0.00440216064453125,0.014961719512939453,-0.005043625831604004,-0.0010957121849060059,0.011885523796081543,0.010328352451324463,0.0,-0.018231332302093506,-0.005874991416931152,0.002122163772583008,-0.0017546415328979492,-0.013556420803070068,0.03272634744644165,0.006899714469909668
2025-11-03,0.0002510547637939453,-0.0028356313705444336,-0.020870208740234375,0.011833250522613525,-0.05061149597167969,-0.007106125354766846,-0.005846381187438965,0.01814347505569458,-0.0,-0.014228880405426025,0.001118481159210205,-0.003276228904724121,-0.011093854904174805,0.0056836605072021484,0.0469326376914978,-0.017252564430236816
2025-11-04,-0.010962367057800293,0.006172597408294678,0.01697850227355957,0.01340484619140625,-0.02101874351501465,-0.015514552593231201,-0.02026200294494629,-0.001462697982788086,-0.0,-0.023730933666229248,0.009206235408782959,0.02388995885848999,0.0325312614440918,0.011303305625915527,0.009669125080108643,-0.027090251445770264
2025-11-06,0.007699489593505859,-0.06311583518981934,0.015861809253692627,0.005434811115264893,-0.012726187705993652,-0.0003903508186340332,-0.00010913610458374023,-0.006036996841430664,-0.0487479567527771,-0.04285168647766113,0.02310401201248169,-0.02236175537109375,0.022085189819335938,-0.007423520088195801,0.02008509635925293,-0.025064826011657715
2025-11-07,-0.005121767520904541,0.009073734283447266,-0.0007162094116210938,0.002732217311859131,-0.011574864387512207,-0.005515456199645996,0.0044203996658325195,-0.0002903938293457031,-0.005685329437255859,-0.0011782050132751465,-0.027120769023895264,0.0301969051361084,-0.0026448965072631836,-0.022773146629333496,-0.01031959056854248,-0.017590463161468506
2025-11-10,-0.010211825370788574,0.014057040214538574,0.004831790924072266,0.010410964488983154,-0.00443577766418457,0.00893247127532959,0.0024449825286865234,0.0006772875785827637,-0.01746690273284912,-0.01454782485961914,0.0006605386734008789,0.006985187530517578,0.007102251052856445,-0.022676825523376465,-0.0050013065338134766,-0.021693110466003418
2025-11-11,0.008270859718322754,0.004669070243835449,-0.0026074647903442383,0.0020302534103393555,-0.015059709548950195,-0.005302309989929199,0.00016260147094726562,-0.03292030096054077,-0.02311861515045166,-0.0029259324073791504,-0.031951308250427246,-0.00035762786865234375,0.010423004627227783,-0.015636801719665527,-0.007780194282531738,-0.0380631685256958
2025-11-12,0.008118391036987305,-0.0030261874198913574,-0.008967757225036621,-0.0022193193435668945,-0.004704594612121582,-0.004205822944641113,0.004118561744689941,0.006908297538757324,-0.002529740333557129,-0.0012004971504211426,-0.0037103891372680664,-0.00017881393432617188,0.01507645845413208,0.0064907073974609375,0.007302820682525635,0.0030317306518554688
2025-11-13,0.0010905265808105469,0.003758072853088379,0.00568842887878418,0.0036907196044921875,0.022907018661499023,0.005696892738342285,-0.004371523857116699,-0.017997443675994873,-0.05334198474884033,-0.009615421295166016,-0.005353689193725586,0.015193045139312744,0.01174253225326538,0.0071277618408203125,0.003573119640350342,-0.017979025840759277
2025-11-14,-0.005027651786804199,0.0020159482955932617,-0.006883025169372559,0.010927975177764893,-0.012529969215393066,-0.00742262601852417,-0.002439260482788086,-0.007391631603240967,0.018407762050628662,-0.0053937435150146484,0.003803730010986328,0.007199466228485107,0.007214069366455078,-0.008678138256072998,-0.02271127700805664,-0.015548765659332275
2025-11-17,-0.008084893226623535,0.002479076385498047,0.005149185657501221,0.000749051570892334,0.009089231491088867,-0.008855640888214111,0.0034776926040649414,0.014791369438171387,-0.01210641860961914,-0.00406724214553833,-0.049128174781799316,-0.019439339637756348,-0.005556702613830566,0.002294778823852539,-0.009281635284423828,0.004635930061340332
2025-11-18,-0.006028175354003906,-0.010142266750335693,0.004461884498596191,0.009745121002197266,-0.021314561367034912,-0.011714458465576172,-0.004332065582275391,-0.010856449604034424,0.012743353843688965,-0.01116245985031128,0.002062380313873291,0.015482127666473389,0.024654626846313477,-0.0007631778717041016,0.020776569843292236,-0.019316375255584717
2025-11-19,-0.003502190113067627,-0.006263613700866699,0.004481911659240723,-0.003406524658203125,-0.040094733238220215,0.015218496322631836,-0.0009788870811462402,0.007520318031311035,-0.0085524320602417,0.0037169456481933594,-0.01361536979675293,0.005646646022796631,0.00043576955795288086,-0.007637500762939453,-0.009252190589904785,-0.0033922791481018066
2025-11-20,0.007457613945007324,0.0014209747314453125,-0.0008103847503662109,0.0011316537857055664,0.012878894805908203,-0.004551589488983154,0.007893681526184082,0.005446791648864746,0.009500622749328613,-0.010423779487609863,0.0218278169631958,0.0023813247680664062,-0.00043594837188720703,-0.0021378397941589355,0.023779988288879395,-0.012681841850280762
2025-11-21,-0.002042055130004883,-0.005020737648010254,0.014754831790924072,-0.0,0.0022188425064086914,-0.0014412999153137207,-0.011504828929901123,0.013743996620178223,0.013872385025024414,0.011780977249145508,0.010053873062133789,0.027053534984588623,0.022009193897247314,-0.02056729793548584,0.010167360305786133,-0.015013337135314941
2025-11-24,-0.012362539768218994,-0.016856849193572998,0.005387663841247559,-0.000377655029296875,0.012097477912902832,0.006768941879272461,-0.04568052291870117,0.000494837760925293,0.04959803819656372,-0.028082191944122314,0.016968071460723877,0.019375920295715332,0.0031194090843200684,-0.00909966230392456,0.00834578275680542,-0.07638025283813477
2025-11-25,-0.0003452897071838379,-0.0007066130638122559,-0.002295255661010742,0.001321256160736084,-0.005762696266174316,-0.0014336705207824707,0.023305654525756836,-0.004352152347564697,0.017423689365386963,0.0008456707000732422,-0.0068035125732421875,-0.0028868913650512695,-0.012293219566345215,-0.0059160590171813965,0.014098763465881348,-0.054947733879089355
2025-11-26,-0.015457630157470703,0.02128922939300537,-0.007602810859680176,-0.01814401149749756,-0.060877323150634766,0.0033169984817504883,-0.008239269256591797,0.01023256778717041,0.002065896987915039,-0.016899049282073975,0.00538104772567749,0.021812915802001953,-0.013910412788391113,0.005151867866516113,-0.014446139335632324,0.011124074459075928
2025-11-27,0.012075841426849365,-0.0014577507972717285,0.0023636221885681152,0.006682753562927246,0.014177203178405762,-0.003651440143585205,0.0075882673263549805,0.002655029296875,-0.008022069931030273,-0.0389629602432251,-0.0026422739028930664,0.00568920373916626,0.011324048042297363,-0.00866025686264038,0.007335960865020752,0.008612513542175293
2025-11-28,0.0014633536338806152,-0.00021898746490478516,-0.0027337074279785156,0.013268530368804932,0.014209866523742676,-0.004853367805480957,0.010480165481567383,0.017555952072143555,0.01814138889312744,0.017096340656280518,0.014180004596710205,0.0018415451049804688,0.007048487663269043,-0.001515507698059082,0.011375188827514648,0.017256736755371094
2025-12-01,-0.005344867706298828,-0.0028837919235229492,0.012450098991394043,-0.0005681514739990234,-0.0044286251068115234,0.0,5.4001808166503906e-05,-0.013783097267150879,0.009761154651641846,-0.0007013082504272461,0.01565682888031006,-0.014759182929992676,-0.007941484451293945,-0.008213520050048828,0.0009526610374450684,-0.008419036865234375
2025-12-02,-0.00034296512603759766,0.0012813806533813477,0.0006440877914428711,-0.004921436309814453,-0.0023342370986938477,-0.011247098445892334,-0.0007566213607788086,-0.0006841421127319336,0.02367544174194336,-0.013036131858825684,0.009569346904754639,0.01584315299987793,0.010871946811676025,0.005671024322509766,-0.006675362586975098,0.02552330493927002
2025-12-03,0.006428956985473633,-0.005374729633331299,0.014088451862335205,0.009229600429534912,0.015611529350280762,-0.0016610026359558105,0.006317853927612305,0.004889965057373047,0.026232779026031494,0.024906575679779053,0.018931984901428223,-0.0023092031478881836,0.011391937732696533,-0.020766139030456543,0.010201811790466309,-0.0042836666107177734
2025-12-04,-0.0014666318893432617,0.003712773323059082,-0.002895355224609375,-0.005703449249267578,0.015421032905578613,0.003428339958190918,0.013585507869720459,-0.011776149272918701,-0.03203117847442627,-0.0011352300643920898,-0.09701883792877197,0.014547109603881836,-0.0016204118728637695,-0.010694682598114014,0.01627039909362793,0.009566783905029297
2025-12-05,0.0009475946426391602,0.006079673767089844,0.005773961544036865,0.014177680015563965,-0.001156926155090332,-0.0006532073020935059,0.009365379810333252,-0.004333317279815674,0.0010764598846435547,0.004535794258117676,-0.00982654094696045,-0.0022710561752319336,-0.001258254051208496,0.002032637596130371,0.006286442279815674,-0.005721688270568848
2025-12-08,0.004915058612823486,-0.001019299030303955,0.009085774421691895,-0.0023010969161987305,0.020888864994049072,0.0024132728576660156,0.001223444938659668,-0.014935672283172607,0.0035021305084228516,0.03089851140975952,0.004084587097167969,-0.007797360420227051,0.02158886194229126,-0.025080621242523193,0.032158493995666504,0.02997487783432007
2025-12-09,0.01091855764389038,0.0006558895111083984,-0.007751107215881348,0.0013391971588134766,-0.007353663444519043,-0.01294010877609253,0.006124734878540039,0.00361478328704834,-0.011895060539245605,-0.005436420440673828,0.015681564807891846,-0.03756117820739746,-0.011376619338989258,-0.012106359004974365,-0.0054471492767333984,0.03348684310913086
2025-12-10,0.008498311042785645,0.0002913475036621094,0.006284534931182861,0.00823754072189331,0.011986315250396729,-0.011890232563018799,0.0015125870704650879,0.02131068706512451,-0.026360273361206055,0.020458877086639404,-0.0156862735748291,0.021351158618927002,0.013199090957641602,-0.023839175701141357,0.01439523696899414,-0.039801716804504395
2025-12-11,-0.01369619369506836,-0.01856708526611328,-0.012082219123840332,-0.00753331184387207,-0.02234792709350586,-0.02185535430908203,0.001907646656036377,0.007053256034851074,-0.009110689163208008,-0.006862640380859375,-0.010255813598632812,-0.013090133666992188,-0.006756782531738281,0.0023539066314697266,-0.008637547492980957,-0.01920175552368164
2025-12-12,-0.02187931537628174,-0.01390373706817627,-0.022477269172668457,-0.007860422134399414,-0.02150249481201172,-0.042826175689697266,0.004047513008117676,0.026264548301696777,-0.04247629642486572,-0.023114442825317383,0.010748863220214844,-0.0028284788131713867,-0.0115966796875,-0.047358155250549316,-0.017905831336975098,-0.019271016120910645
2025-12-15,-0.0004265308380126953,0.0055345892906188965,-0.009668827056884766,-0.012935161590576172,0.010219216346740723,-0.015153050422668457,-0.0033301115036010742,0.00786733627319336,0.00973278284072876,-0.04344677925109863,-0.008209586143493652,-0.013205170631408691,-0.003294706344604492,-0.018964767456054688,0.01575523614883423,0.014497160911560059
2025-12-16,0.017053186893463135,0.0077631473541259766,0.008582532405853271,-0.023849785327911377,0.007412612438201904,0.017636477947235107,0.003487825393676758,-0.012602269649505615,-0.013326764106750488,0.0048577189445495605,0.0208357572555542,0.011261522769927979,0.01628434658050537,0.013019144535064697,0.008469998836517334,-0.014342665672302246
2025-12-17,-0.0010409355163574219,-0.00267946720123291,0.01348644495010376,0.0021162033081054688,0.004800856113433838,-0.003580927848815918,0.007056593894958496,0.0032384395599365234,0.026467204093933105,0.00725245475769043,-0.0787574052810669,0.01919633150100708,0.009145796298980713,0.00613093376159668,0.018965482711791992,0.025197863578796387
2025-12-18,0.0068457722663879395,-0.00035631656646728516,0.010160744190216064,-0.015358030796051025,0.02653205394744873,0.023868024349212646,0.002274155616760254,0.010158538818359375,0.011398255825042725,0.007586359977722168,0.022899866104125977,0.005219221115112305,0.004292011260986328,0.028507351875305176,0.0012781620025634766,0.0039052963256835938
2025-12-19,-0.0030537843704223633,-0.0017452239990234375,-0.007185578346252441,-0.0017547011375427246,0.005322575569152832,0.004495143890380859,0.0019374489784240723,-0.012875914573669434,0.010419309139251709,-0.022083759307861328,-0.01635921001434326,-0.028265953063964844,-0.0037080049514770508,-0.019241929054260254,-0.07774758338928223,-0.006285309791564941
2025-12-22,-0.0031315088272094727,0.0009955763816833496,-0.000555872917175293,0.00429689884185791,0.0008303523063659668,0.0005458593368530273,-0.017699122428894043,0.009425759315490723,-0.02174842357635498,-0.005540132522583008,-0.005136966705322266,0.011289060115814209,-0.01787114143371582,-0.020200133323669434,0.03673750162124634,-0.011255502700805664
2025-12-23,-0.012660384178161621,-0.007153868675231934,-0.012871623039245605,0.008945941925048828,-0.03684210777282715,-0.022440671920776367,0.015876591205596924,-0.011035621166229248,-0.0023651123046875,0.000826418399810791,-0.003293633460998535,-0.014062762260437012,-0.013655781745910645,-0.006754159927368164,-0.17035210132598877,-0.045804738998413086
2025-12-24,-0.0073642730712890625,0.0010248422622680664,-0.002194046974182129,0.007902860641479492,-0.013803601264953613,-0.024278879165649414,0.008436858654022217,0.01134955883026123,0.0001685023307800293,-0.010614752769470215,0.012225568294525146,-0.007760763168334961,-0.019469261169433594,0.008546948432922363,0.0582619309425354,-0.0005848407745361328
2025-12-26,-0.0025501251220703125,0.003254413604736328,-0.011950492858886719,0.010518312454223633,0.001141965389251709,-0.024272441864013672,0.0023571252822875977,0.0026404857635498047,-0.0005899667739868164,-0.008184432983398438,-0.011459946632385254,0.020451903343200684,0.008780419826507568,0.002317368984222412,0.03355473279953003,-0.00029218196868896484
2025-12-29,-0.0004239082336425781,-0.0087660551071167,0.004597604274749756,-0.005488276481628418,-0.007563114166259766,0.0005555152893066406,0.0058203935623168945,-0.005831420421600342,0.0013477206230163574,0.020565509796142578,-0.015295743942260742,0.0077329277992248535,0.004561960697174072,0.01440119743347168,0.01996380090713501,0.005667209625244141
2025-12-30,0.007966756820678711,0.00024622678756713867,0.0038036108016967773,0.0024738311767578125,-0.041372060775756836,0.014679968357086182,-0.003999590873718262,-0.008514642715454102,-0.020327329635620117,0.016162455081939697,0.013726115226745605,-0.0005195140838623047,0.014193534851074219,0.0035822391510009766,0.002509474754333496,0.0012927055358886719
2025-12-31,-0.006749272346496582,0.004469156265258789,-0.011545419692993164,0.00892174243927002,0.00719296932220459,-0.0015039443969726562,-0.0032330751419067383,0.00820612907409668,0.01744234561920166,0.00042122602462768555,0.015048623085021973,-0.010125875473022461,-0.01782810688018799,-0.0061495304107666016,-0.005845427513122559,-0.0052950382232666016
2026-01-01,-0.009928703308105469,-0.008023977279663086,-0.0059316158294677734,0.009783625602722168,-0.005966365337371826,-0.0024871826171875,-0.0015537738800048828,0.0016089677810668945,-0.011526226997375488,0.016153931617736816,-0.0018379688262939453,-0.019791841506958008,0.01481086015701294,-0.04381752014160156,-0.019126057624816895,-0.008310437202453613
2026-01-02,0.00016802549362182617,-0.0016480684280395508,-0.010274291038513184,0.007825613021850586,0.0113677978515625,-0.005102634429931641,-0.004826545715332031,-0.0015119314193725586,-0.023122310638427734,-0.018132448196411133,-0.021442532539367676,-0.006049156188964844,-0.001530289649963379,0.0007205605506896973,-0.00447535514831543,-0.008474111557006836
2026-01-05,-0.015799641609191895,0.002625703811645508,-0.010346651077270508,0.022185206413269043,0.03605794906616211,0.006147921085357666,-0.013037443161010742,0.020346403121948242,0.01422649621963501,0.0032253265380859375,-0.02716660499572754,0.00043839216232299805,-0.003954887390136719,0.024429917335510254,0.00531768798828125,-0.00736689567565918
2026-01-06,-0.009679794311523438,-0.0057566165924072266,0.013479232788085938,0.0009043216705322266,-0.001996159553527832,0.008575737476348877,0.011063456535339355,-0.001947641372680664,-0.011462926864624023,0.0011254549026489258,0.0030601024627685547,0.010088324546813965,0.011325478553771973,0.003603696823120117,0.0026729702949523926,0.015940070152282715
2026-01-07,0.0016388297080993652,0.009841859340667725,0.002750396728515625,-0.012649059295654297,0.03922080993652344,-0.002646923065185547,-0.001940608024597168,0.0020444393157958984,-0.008642435073852539,0.0045070648193359375,-0.00021922588348388672,0.018483400344848633,-0.00031685829162597656,-0.015301823616027832,0.011590063571929932,0.0038318634033203125
2026-01-08,0.009849011898040771,-0.01589655876159668,-0.027224183082580566,-0.01720350980758667,-0.003430962562561035,0.025928735733032227,0.01822948455810547,0.0038949251174926758,0.030231952667236328,0.020515024662017822,-0.04384040832519531,0.025731980800628662,-0.003937959671020508,0.034252822399139404,0.019860684871673584,0.027625620365142822
2026-01-09,0.010527193546295166,-0.005408346652984619,-0.01783430576324463,0.003724336624145508,-0.03971785306930542,0.007646918296813965,0.01172107458114624,0.010438799858093262,0.012836575508117676,-0.0039000511169433594,0.024359524250030518,0.022307515144348145,0.01478809118270874,0.000756680965423584,0.020786583423614502,0.01570361852645874
2026-01-12,-0.013487458229064941,0.01073145866394043,0.0032591819763183594,0.007977724075317383,-0.0214235782623291,-0.011314988136291504,-0.002054929733276367,-0.009416759014129639,-0.016718745231628418,-0.0035971403121948242,-0.0069953203201293945,-0.007718324661254883,0.016703307628631592,0.004827260971069336,0.014431893825531006,-0.00724637508392334
2026-01-13,0.004463553428649902,-0.011579453945159912,-0.0019491314888000488,-0.0003681182861328125,0.033509016036987305,-0.01538383960723877,-0.0003516674041748047,0.001292109489440918,-0.016028523445129395,-0.011899590492248535,0.0016030669212341309,-0.022641777992248535,0.002513110637664795,-0.0025680065155029297,0.0013172030448913574,0.00151139497756958
2026-01-14,-0.017519116401672363,0.0077860355377197266,0.022133231163024902,0.01454615592956543,-0.012277364730834961,-0.034101128578186035,-0.012182950973510742,-0.018895745277404785,0.005476534366607666,-0.003683805465698242,-0.013915657997131348,-0.01872408390045166,-0.008864760398864746,-0.02532970905303955,-0.010706067085266113,-0.02367401123046875
2026-01-16,-0.010036706924438477,0.0049359798431396484,0.007642626762390137,0.010526299476623535,0.03028714656829834,0.006843388080596924,-0.01591348648071289,0.007046222686767578,-0.000493168830871582,0.011998891830444336,-0.010451793670654297,-0.03405141830444336,-0.0009249448776245117,-0.01193547248840332,0.009901702404022217,-0.0038444995880126953
2026-01-19,0.006543874740600586,-0.010535359382629395,-0.0028893351554870605,-0.011853456497192383,-0.01699233055114746,0.002450883388519287,0.012474358081817627,-0.006063997745513916,0.00887209177017212,0.006715238094329834,0.019642651081085205,0.02232760190963745,0.010349750518798828,0.0017371177673339844,0.014807403087615967,0.002887129783630371
2026-01-20,-0.01935434341430664,-0.023884832859039307,-0.028706014156341553,-0.010359883308410645,0.01840972900390625,-0.015900850296020508,0.02128392457962036,-0.002815842628479004,0.01657688617706299,0.001582324504852295,0.020782291889190674,-0.011482477188110352,0.012558937072753906,0.009800374507904053,0.02565312385559082,0.028304636478424072
2026-01-21,0.014263153076171875,0.008107304573059082,0.004381895065307617,0.005326032638549805,-0.04294323921203613,-0.018709540367126465,-0.01172792911529541,0.019672513008117676,0.027391493320465088,-0.003889918327331543,0.013713538646697998,0.029767870903015137,-0.005815625190734863,0.028212010860443115,-0.033112525939941406,-6.079673767089844e-05
2026-01-22,0.010874032974243164,0.019008636474609375,0.014759063720703125,0.0021921396255493164,-0.012237310409545898,-0.03973299264907837,-0.0066988468170166016,-0.0006462335586547852,-0.027209758758544922,-0.004018306732177734,-0.01346278190612793,-0.031006217002868652,-0.008320450782775879,0.00019031763076782227,0.031113147735595703,-0.015445470809936523
2026-01-23,0.00040435791015625,-0.010259747505187988,-0.05122578144073486,-0.015676259994506836,-0.005925118923187256,-0.02742922306060791,-0.03419739007949829,-0.025494158267974854,0.017209410667419434,-0.00014293193817138672,-0.060322344303131104,-0.001639246940612793,0.012540817260742188,0.020373225212097168,0.03017592430114746,-0.049164652824401855
2026-01-27,0.017786383628845215,-0.035230159759521484,0.026320934295654297,0.008148193359375,-0.01047593355178833,0.010648131370544434,0.011263608932495117,0.015450239181518555,0.02969956398010254,0.014148950576782227,0.05202782154083252,0.024863123893737793,-0.0017940998077392578,0.01467442512512207,0.01289510726928711,0.02475130558013916
2026-01-28,0.014139294624328613,0.005986928939819336,0.003193974494934082,0.009551763534545898,0.03504610061645508,-0.015519022941589355,-0.0021328330039978027,-0.0042005181312561035,0.000796198844909668,-0.01986086368560791,-0.01949554681777954,-0.004324913024902344,-0.0196993350982666,-0.025249004364013672,-0.02798140048980713,0.012107372283935547
2026-01-29,-0.003916323184967041,0.002606511116027832,0.003932952880859375,-0.015465795993804932,-0.022661149501800537,-0.005350887775421143,-0.003443598747253418,-0.03299582004547119,-0.030721545219421387,0.0015635490417480469,0.00022470951080322266,-0.010026335716247559,0.008365273475646973,-0.0035593509674072266,-0.012544035911560059,0.003218412399291992
2026-01-30,-0.0018085837364196777,0.004484891891479492,-0.048316359519958496,-0.0025873184204101562,-0.003338158130645752,0.0010662078857421875,-0.02478402853012085,-0.017241358757019043,0.019068896770477295,0.009823501110076904,0.028077244758605957,0.012281298637390137,-0.0252610445022583,-0.012078285217285156,-0.024048566818237305,-0.0452151894569397
2026-02-01,-0.032298743724823,0.02887547016143799,-0.02509063482284546,-0.022234559059143066,-0.008328080177307129,-0.0313725471496582,-0.009835660457611084,-0.02970564365386963,0.007005214691162109,-0.05434936285018921,-0.04325979948043823,0.016814827919006348,0.025047719478607178,0.028982877731323242,0.030995488166809082,-0.026055514812469482
2026-02-02,0.02043306827545166,-0.013515472412109375,0.026440143585205078,0.01572859287261963,0.0008215904235839844,0.031339049339294434,0.00937807559967041,0.022708535194396973,-0.007142782211303711,-0.032233595848083496,0.04681432247161865,-0.018281936645507812,-0.014407634735107422,-0.02458059787750244,-0.02137899398803711,0.021610260009765625
2026-02-03,0.0043877363204956055,-0.012362122535705566,0.03476989269256592,0.008208990097045898,0.024808406829833984,0.022874951362609863,0.020110011100769043,0.01977705955505371,0.0006129145622253418,-0.025040507316589355,0.005126595497131348,0.01879018545150757,-0.00859534740447998,0.004188895225524902,-0.003834843635559082,0.0323033332824707
2026-02-04,0.017156481742858887,-0.012816429138183594,0.016469478607177734,0.01221323013305664,0.01601994037628174,0.014498233795166016,0.013901352882385254,0.017277836799621582,-0.017522335052490234,-0.0025866031646728516,0.006511092185974121,0.0020331144332885742,-0.017636656761169434,-0.05000007152557373,0.010505378246307373,0.018516182899475098
2026-02-05,-0.002576887607574463,-0.006678581237792969,-0.007263302803039551,-0.004570364952087402,0.004029393196105957,0.005791187286376953,-0.009396612644195557,0.006412506103515625,-0.06354391574859619,-0.00200653076171875,-0.02512127161026001,0.022737741470336914,0.0034035444259643555,0.016115903854370117,0.015523195266723633,-0.010544180870056152
2026-02-06,-0.003992795944213867,0.00942772626876831,-0.00675356388092041,0.0038567781448364258,-0.0013959407806396484,-0.01639115810394287,-0.005249917507171631,-0.0004305243492126465,0.0178108811378479,0.012730598449707031,0.0012165307998657227,0.018223345279693604,-0.03194934129714966,0.0022209882736206055,0.0070261359214782715,-0.006246984004974365
2026-02-09,0.025624871253967285,-0.031513333320617676,0.024553775787353516,-0.006769120693206787,0.04149925708770752,0.03653872013092041,0.023209810256958008,0.03790163993835449,-0.01747441291809082,-0.010866403579711914,0.007511258125305176,-0.00034248828887939453,0.02845478057861328,-0.016045331954956055,-0.03134763240814209,0.033280014991760254
2026-02-10,-0.0019159913063049316,-0.009431600570678711,-0.007281780242919922,-0.02284032106399536,-0.023236334323883057,-0.0019583702087402344,-0.0062716007232666016,-0.030210018157958984,0.017822444438934326,0.0015766620635986328,0.020611882209777832,-0.016843557357788086,-0.013450086116790771,-0.004929304122924805,0.0024730563163757324,-0.008171379566192627
2026-02-11,-0.0041465163230896,0.007210731506347656,0.005106806755065918,0.01055610179901123,0.00790107250213623,-0.007392525672912598,0.00153350830078125,-0.014634132385253906,0.022269845008850098,-0.024404287338256836,-0.023095905780792236,-0.0008753538131713867,0.0033855438232421875,0.0022708773612976074,0.014395415782928467,0.0004811286926269531
2026-02-12,0.0046263933181762695,0.002421081066131592,-0.015519678592681885,-0.017347514629364014,-0.009543299674987793,-0.0018389225006103516,-0.015724360942840576,-0.005558490753173828,-0.009363889694213867,0.028587400913238525,-0.014185190200805664,0.036531269550323486,-0.00173264741897583,0.02130371332168579,0.018581628799438477,-0.016769826412200928
2026-02-13,-0.005065619945526123,0.012818336486816406,-0.025147736072540283,-0.007972657680511475,-0.036648333072662354,-0.014231741428375244,-0.020463168621063232,-0.0002620220184326172,0.00183868408203125,0.01875358819961548,-0.01316225528717041,0.013127505779266357,-0.011281609535217285,0.020837247371673584,0.006366252899169922,-0.018584251403808594
2026-02-16,0.0013885498046875,-0.0085526704788208,0.010106801986694336,0.007079958915710449,0.01259148120880127,-0.001868903636932373,-0.0029931068420410156,0.005591034889221191,0.0033492445945739746,0.009703099727630615,-0.015598475933074951,0.00304257869720459,-0.006929337978363037,-0.006270170211791992,0.002413034439086914,0.007225632667541504
2026-02-17,0.00023114681243896484,0.00422292947769165,-0.005145847797393799,0.0020900964736938477,0.034570932388305664,-0.01095360517501831,0.004411220550537109,0.011467337608337402,-0.026883959770202637,-0.004156827926635742,-0.004248499870300293,-0.034847378730773926,0.011303901672363281,0.010573983192443848,-0.03169572353363037,-0.002535581588745117
2026-02-18,0.005237221717834473,-0.01151573657989502,0.0019156932830810547,0.01004934310913086,0.007842421531677246,0.007572531700134277,0.0007319450378417969,-0.018380165100097656,-0.011208295822143555,-0.023654699325561523,-0.007841289043426514,0.010424494743347168,0.0016099214553833008,-9.5367431640625e-05,-0.013016462326049805,0.003348112106323242
2026-02-19,-0.02788841724395752,0.0236893892288208,-0.02074563503265381,-0.015768706798553467,-0.02182185649871826,-0.019869327545166016,-0.014019250869750977,-0.013737022876739502,0.0038834810256958008,0.022241532802581787,-0.027312874794006348,-0.0005544424057006836,-0.017910420894622803,0.017937123775482178,0.002553880214691162,-0.023666799068450928
2026-02-20,0.006147503852844238,0.010997474193572998,-0.0002929568290710449,0.011253118515014648,-0.005966305732727051,-0.007955551147460938,-0.003090977668762207,-0.01197659969329834,0.009665369987487793,0.01875925064086914,0.011351466178894043,0.012675702571868896,-0.001730203628540039,0.0170019268989563,-0.0,0.002341747283935547
2026-02-23,0.016449928283691406,-0.014332056045532227,0.00644528865814209,0.0015088319778442383,0.006263017654418945,0.010048389434814453,0.003844738006591797,0.026578187942504883,-0.025916457176208496,-0.0048171281814575195,0.008861064910888672,-0.02146768569946289,0.029323577880859375,-0.012650728225708008,-0.00440061092376709,-0.005430340766906738
2026-02-24,-0.0012330412864685059,-0.002053380012512207,-0.0015524625778198242,-0.0009416341781616211,-0.027316749095916748,-0.010235369205474854,0.00018525123596191406,0.003323674201965332,-0.019106268882751465,-0.0032958984375,-0.002810657024383545,0.011126339435577393,-0.009738802909851074,0.025278151035308838,0.0010355710983276367,0.002285599708557129
2026-02-25,0.00625002384185791,0.00031262636184692383,-0.006608366966247559,0.012818098068237305,0.006132245063781738,-0.0028510093688964844,0.002964615821838379,0.003748655319213867,0.020081639289855957,0.007316768169403076,-0.007750988006591797,-0.015279889106750488,-0.0011029839515686035,-0.001201629638671875,-0.003827691078186035,0.0003167390823364258
2026-02-26,-0.007974863052368164,0.005176424980163574,0.002054452896118164,-0.0044667720794677734,0.012366414070129395,-0.0011630058288574219,-0.006650686264038086,-0.0097273588180542,-0.022414326667785645,0.0018050670623779297,0.006036162376403809,0.005130648612976074,-0.004646658897399902,0.011001110076904297,-0.002144932746887207,-0.0014563798904418945
2026-02-27,-0.02009737491607666,0.022245466709136963,-0.022942543029785156,-0.025051414966583252,-0.01300060749053955,-0.033040642738342285,-0.012832403182983398,-0.009121119976043701,0.02067023515701294,0.011000573635101318,-0.044705867767333984,0.018015563488006592,-0.009891390800476074,-0.011831283569335938,0.0030122995376586914,-0.02263939380645752
2026-03-02,-0.012305736541748047,0.008036315441131592,-0.019284546375274658,0.0019176006317138672,-0.008486568927764893,-0.016808807849884033,-0.02461695671081543,-0.026464879512786865,0.015510082244873047,0.03169280290603638,-0.02019709348678589,0.03837263584136963,-0.0410345196723938,-0.06426143646240234,-0.006360888481140137,-0.02322864532470703
2026-03-04,-0.033064424991607666,-0.03388184309005737,-0.029750406742095947,-0.02947366237640381,-0.014443635940551758,-0.032559335231781006,-0.015130043029785156,-0.013364911079406738,0.03085923194885254,0.03446108102798462,-0.020487666130065918,0.04747694730758667,0.0011196136474609375,-0.05553776025772095,0.007742762565612793,-0.02471095323562622
2026-03-05,0.014950037002563477,0.015243053436279297,0.00808572769165039,-0.006113171577453613,-0.002261638641357422,0.017407774925231934,-0.003987669944763184,0.01695537567138672,-0.04273509979248047,-0.001955747604370117,0.009880661964416504,0.006880223751068115,-0.008558213710784912,-0.0036187171936035156,7.957220077514648e-05,0.008854269981384277
2026-03-06,-0.024495422840118408,-0.0020924806594848633,-0.02760416269302368,-0.012896835803985596,-0.015957951545715332,-0.014984130859375,-0.014702022075653076,-0.0121421217918396,0.017598867416381836,0.030741631984710693,-0.029224932193756104,0.018397390842437744,0.00034332275390625,-0.01895350217819214,0.0007166862487792969,-0.01849842071533203
2026-03-09,-0.05080503225326538,-0.013684511184692383,-0.031708598136901855,-0.0516582727432251,-0.06836819648742676,-0.03137177228927612,-0.033772945404052734,-0.05943858623504639,-0.004826188087463379,0.04614865779876709,-0.036649227142333984,0.04258149862289429,-0.02838796377182007,-0.04720044136047363,-0.0,-0.03673142194747925
2026-03-10,0.024257302284240723,0.023385047912597656,0.022458195686340332,0.01568460464477539,0.0029671192169189453,0.00478208065032959,-0.016201257705688477,-0.02126002311706543,0.0068381428718566895,-0.0087965726852417,0.00910329818725586,0.006306886672973633,0.006055355072021484,0.006799459457397461,0.0028687715530395508,-0.0262068510055542
2026-03-11,-0.016475021839141846,-0.0030248165130615234,-0.009305357933044434,-0.009181976318359375,0.015876173973083496,0.0037317276000976562,0.011940300464630127,-0.00846952199935913,0.011393427848815918,-0.0381932258605957,-0.009963691234588623,0.003297090530395508,0.012940764427185059,0.01736605167388916,-0.00383603572845459,0.002713799476623535
2026-03-12,-0.032542288303375244,-0.022846877574920654,-0.02479243278503418,-0.010109543800354004,0.00931859016418457,0.020798563957214355,0.015792369842529297,0.0006029605865478516,0.00638425350189209,0.011254847049713135,-0.004623889923095703,-0.006615996360778809,0.005050778388977051,-0.027856826782226562,0.0034232735633850098,0.023374319076538086
2026-03-13,-0.04265487194061279,-0.039093196392059326,-0.047261714935302734,-0.022765934467315674,-0.037891924381256104,-0.028820276260375977,-0.03976559638977051,-0.018780767917633057,0.03362816572189331,0.007475316524505615,-0.03183501958847046,0.016513288021087646,0.009656548500061035,-0.04596996307373047,-0.0002396106719970703,-0.04808169603347778
2026-03-16,-0.04549741744995117,0.03340327739715576,0.008581161499023438,0.01524055004119873,0.011795282363891602,0.007119894027709961,-0.0023249387741088867,0.004094123840332031,-0.005612611770629883,0.014549791812896729,0.0025402307510375977,0.024726390838623047,0.0072220563888549805,0.0056236982345581055,-0.0003993511199951172,0.0012758970260620117
2026-03-17,-0.0015317201614379883,0.010887622833251953,0.012121200561523438,0.015440702438354492,0.011065006256103516,0.0010253190994262695,0.008593082427978516,-0.01151883602142334,-0.00042939186096191406,-0.012506484985351562,0.008868217468261719,-0.031092166900634766,-0.005571484565734863,-0.050330519676208496,-0.0,0.023761272430419922
2026-03-18,-0.011784791946411133,0.014832496643066406,0.01623678207397461,0.010559678077697754,-0.002052009105682373,-0.032939791679382324,0.014584779739379883,0.013096809387207031,-0.01862502098083496,-0.04391825199127197,0.03125429153442383,-0.022927403450012207,0.01841568946838379,-0.03230869770050049,-0.009180903434753418,0.020281195640563965
2026-03-19,0.03849917650222778,-0.042304813861846924,-0.04827195405960083,-0.02466040849685669,-0.020659923553466797,0.043893516063690186,-0.03721886873245239,-0.037052154541015625,0.03235596418380737,-0.06392771005630493,-0.03734266757965088,0.03459477424621582,0.004783749580383301,0.04501229524612427,-0.01091688871383667,-0.04635810852050781
2026-03-20,-0.011096715927124023,0.0032210350036621094,0.0014287233352661133,0.00857079029083252,-0.00019997358322143555,-0.004967451095581055,0.021065831184387207,-0.021987318992614746,-0.011232972145080566,0.004915833473205566,0.01152491569519043,0.0026077628135681152,0.03023231029510498,-0.0004909038543701172,0.0,-0.0039130449295043945
2026-03-23,0.05231386423110962,-0.03256505727767944,-0.0599215030670166,-0.03441685438156128,-0.024299979209899902,0.0515480637550354,-0.03735339641571045,-0.06247293949127197,0.026177585124969482,-0.01345217227935791,-0.02890092134475708,0.02538585662841797,-0.01187664270401001,0.01263648271560669,-0.00015991926193237305,-0.06036108732223511
2026-03-24,-0.0387955904006958,0.007229924201965332,0.030858635902404785,0.026402592658996582,-0.05001533031463623,-0.026802659034729004,0.0033839941024780273,0.03470134735107422,-0.017331361770629883,0.02567732334136963,0.020317554473876953,-0.03487372398376465,-0.017257511615753174,-0.025844931602478027,0.001119852066040039,0.035134315490722656
2026-03-25,-0.04087698459625244,0.03859734535217285,0.03496503829956055,0.03879952430725098,-0.027232766151428223,-0.0508115291595459,0.02518177032470703,0.0343174934387207,-0.029291510581970215,0.0471339225769043,0.009395599365234375,-0.030019283294677734,-0.006710171699523926,-0.09156978130340576,-0.0008789300918579102,0.022524237632751465
2026-03-27,0.013834357261657715,-0.0074024200439453125,-0.03070169687271118,-0.02166736125946045,0.03344738483428955,0.01411890983581543,-0.03911101818084717,-0.019174814224243164,0.03360915184020996,-0.012201189994812012,-0.010836303234100342,0.04741030931472778,-0.009582221508026123,0.03273415565490723,0.005838155746459961,-0.040637969970703125
2026-03-30,0.02751380205154419,-0.02682441473007202,-0.018588721752166748,-0.028896868228912354,0.0011796951293945312,0.042101919651031494,-0.04549610614776611,0.010543584823608398,0.037137389183044434,-0.06159234046936035,-0.03426969051361084,0.048832476139068604,-0.0168343186378479,0.04267525672912598,-0.0056452155113220215,-0.026999235153198242
2026-04-01,0.0028850436210632324,0.013723254203796387,0.04760122299194336,0.0106428861618042,-0.011811017990112305,-0.015062928199768066,-0.058425068855285645,0.02543199062347412,-0.04120159149169922,0.03237283229827881,0.038976192474365234,-0.05608808994293213,0.012694358825683594,-0.06914317607879639,-0.002958536148071289,-0.06762146949768066
2026-04-02,0.008773565292358398,-0.011069118976593018,-0.004519999027252197,-0.006017625331878662,-0.005933880805969238,0.006478369235992432,0.0015061497688293457,-0.019448816776275635,-0.010546445846557617,0.009303808212280273,0.004899263381958008,0.0020360350608825684,0.0051500797271728516,0.0026900172233581543,-0.00810009241104126,-0.006859779357910156
2026-04-06,-0.03154420852661133,0.01961696147918701,0.027721285820007324,0.024648666381835938,-0.03587663173675537,-0.045198678970336914,-0.027302145957946777,0.012808680534362793,-0.02216660976409912,0.011949419975280762,0.0029251575469970703,-0.002720355987548828,0.01711130142211914,-0.004720211029052734,-0.0014553666114807129,-0.021877408027648926
2026-04-07,0.0017343759536743164,0.0025244951248168945,-0.02232295274734497,-0.014560043811798096,0.016710221767425537,0.021222174167633057,0.016224920749664307,0.008111000061035156,-0.013754129409790039,-0.01433873176574707,0.011527776718139648,-0.02229762077331543,-0.0037543773651123047,0.022371351718902588,-0.007125496864318848,0.01363074779510498
2026-04-08,-0.06099116802215576,0.051583290100097656,0.06255197525024414,0.043254852294921875,-0.05677390098571777,-0.047395944595336914,-0.05298507213592529,0.05150330066680908,-0.054436445236206055,0.04364192485809326,0.03720998764038086,-0.03665614128112793,0.0232313871383667,-0.06458806991577148,-0.02487361431121826,-0.05114543437957764
2026-04-09,0.013358592987060547,-0.005696237087249756,-0.028427541255950928,-0.015188813209533691,0.004761457443237305,0.006241559982299805,0.013536453247070312,-0.013038039207458496,0.004499495029449463,0.0024597644805908203,0.0005295276641845703,0.016799986362457275,-0.011515140533447266,-0.0008060932159423828,0.013845741748809814,0.018719732761383057
2026-04-10,-0.012316584587097168,0.0007662773132324219,0.0256882905960083,0.014589428901672363,-0.03258705139160156,-0.03040933609008789,-0.023493051528930664,0.01111912727355957,-0.010467052459716797,0.019957542419433594,0.021169662475585938,-0.017168402671813965,0.02061021327972412,-0.015249133110046387,-0.018800973892211914,-0.021843552589416504
2026-04-13,0.007507145404815674,-0.010792732238769531,-0.009433984756469727,-0.001643359661102295,0.046769797801971436,0.01071774959564209,0.009897470474243164,0.004085898399353027,0.009730815887451172,-0.016198813915252686,-0.014381945133209229,0.005599558353424072,-0.007901966571807861,0.008514940738677979,0.019562840461730957,0.009619414806365967
2026-04-15,-0.024604439735412598,0.010468125343322754,0.02947843074798584,0.027366280555725098,0.003484964370727539,-0.013863205909729004,-0.014675617218017578,0.008188962936401367,-0.02028679847717285,-0.005705893039703369,0.03562510013580322,-0.043198466300964355,0.023941516876220703,-0.02939140796661377,-0.013167381286621094,-0.03597378730773926
2026-04-16,-0.00347900390625,-0.008791089057922363,0.008920669555664062,0.005808115005493164,-0.013620495796203613,-5.066394805908203e-05,-0.008105158805847168,-0.0014949440956115723,0.01965045928955078,0.017543792724609375,0.04493534564971924,-0.014111638069152832,0.009598374366760254,-0.005751848220825195,0.010125935077667236,-0.006736636161804199
2026-04-17,-0.00507354736328125,0.001177668571472168,0.002074003219604492,0.007168412208557129,-0.006537079811096191,0.0015192031860351562,0.0073468685150146484,0.009132623672485352,0.0026937127113342285,0.003544926643371582,0.009718179702758789,-0.024560928344726562,0.0018924474716186523,-0.005873560905456543,-0.008779644966125488,0.00048291683197021484
2026-04-20,-0.002608060836791992,0.014556169509887695,-0.00893247127532959,0.007908225059509277,-0.033916592597961426,-0.005122542381286621,0.0023738741874694824,-0.0005934238433837891,-0.028360366821289062,-0.01027613878250122,0.002165555953979492,0.016179323196411133,-0.006026268005371094,0.01669830083847046,-0.04503357410430908,0.0056594014167785645
2026-04-21,-0.010237455368041992,0.006376504898071289,0.0029677152633666992,0.0019615888595581055,-0.0330657958984375,-0.004137635231018066,-0.0064389705657958984,-0.006779193878173828,0.01104670763015747,-0.011031866073608398,0.004681944847106934,-0.0030928850173950195,0.023798704147338867,0.0030733346939086914,-0.028881430625915527,-0.008676290512084961
2026-04-22,-0.012791752815246582,-0.0003959536552429199,0.010191798210144043,0.0076351165771484375,-0.009543061256408691,-0.001407027244567871,-0.005841493606567383,-0.011657953262329102,0.002343416213989258,-0.0036088228225708008,0.010753989219665527,0.007370054721832275,0.016086220741271973,0.008935153484344482,0.010619401931762695,-0.019887089729309082
2026-04-23,0.0021323561668395996,-0.014982402324676514,-0.02278149127960205,-0.010297238826751709,0.029780805110931396,0.01706141233444214,0.016108989715576172,-0.0336727499961853,0.01894766092300415,-0.013500213623046875,0.0027189254760742188,0.015076935291290283,0.02261650562286377,0.006432175636291504,0.013285219669342041,0.0241549015045166
2026-04-24,0.01389002799987793,0.001572251319885254,0.0017762184143066406,-0.020416200160980225,0.03698915243148804,-0.001888871192932129,0.007308006286621094,0.007720470428466797,0.014046311378479004,-0.02152872085571289,-0.038670122623443604,0.015230834484100342,-0.014333069324493408,0.03645527362823486,-0.02160346508026123,0.007329046726226807
2026-04-27,-0.0010001659393310547,0.014200687408447266,0.02061164379119873,0.007014036178588867,-0.003939509391784668,-0.005197405815124512,-0.01918315887451172,0.0005176067352294922,-0.013679742813110352,0.008186936378479004,-0.06720626354217529,-0.027339458465576172,0.014800429344177246,-0.03766930103302002,0.002978503704071045,-0.030925631523132324
2026-04-28,0.01606994867324829,0.0017277002334594727,-0.0036916732788085938,-0.009353220462799072,0.02390080690383911,0.027322888374328613,0.0003472566604614258,-0.009933829307556152,0.010061502456665039,-0.009642958641052246,0.036543309688568115,-0.010036587715148926,-0.012075841426849365,0.02175992727279663,0.0070948004722595215,0.0004729032516479492
2026-04-29,-0.0013539791107177734,0.007258296012878418,-0.009154260158538818,-0.013459205627441406,0.0025582313537597656,-0.016103744506835938,0.0018759369850158691,-0.013116598129272461,-0.0026619434356689453,-0.020157217979431152,0.04138839244842529,0.01294797658920288,-0.024791240692138672,0.002278625965118408,0.005189955234527588,0.0010815262794494629
2026-04-30,0.020873844623565674,-0.0031035542488098145,-0.022877216339111328,-0.014660954475402832,0.03141885995864868,0.022259771823883057,0.010093271732330322,-0.009690284729003906,0.014722466468811035,0.03451895713806152,0.014806568622589111,0.01601588726043701,0.016373872756958008,0.010875463485717773,-0.01194620132446289,0.02693188190460205
2026-05-04,-0.014845490455627441,0.022007465362548828,0.002476334571838379,0.022525310516357422,-0.012388825416564941,-0.040392398834228516,0.01680612564086914,-0.00882256031036377,-0.0025311708450317383,-0.021065056324005127,0.008840620517730713,-0.017516732215881348,0.034565091133117676,-0.05536007881164551,-0.001344919204711914,0.010500788688659668
2026-05-05,-0.01743495464324951,0.005427122116088867,-0.027397215366363525,0.004244089126586914,0.012330710887908936,0.007664024829864502,0.004005134105682373,-0.013270735740661621,-0.010262250900268555,0.017386794090270996,-0.008664608001708984,0.00914078950881958,-0.016369342803955078,0.00791788101196289,0.012610077857971191,0.013071894645690918
2026-05-06,-0.010866880416870117,0.015079259872436523,0.03186333179473877,0.005232453346252441,-0.04445290565490723,-0.0033026933670043945,-0.015366911888122559,0.022251367568969727,-0.009835600852966309,0.04162430763244629,-0.013011693954467773,-0.020295143127441406,0.00017070770263671875,-0.024940967559814453,-0.0067255496978759766,-0.017944931983947754
2026-05-07,-0.004382729530334473,0.015712976455688477,0.008391141891479492,0.024824857711791992,-0.018926024436950684,0.0001518726348876953,-0.00042426586151123047,0.02679431438446045,0.001995861530303955,-0.09308004379272461,-0.025813579559326172,-0.007911443710327148,0.017790794372558594,-0.010297060012817383,-0.0024771690368652344,-0.008884310722351074
2026-05-08,0.016137003898620605,0.0027021169662475586,-0.014090776443481445,-0.006251215934753418,0.009687185287475586,-0.07633090019226074,0.016046881675720215,-0.00046879053115844727,0.003839731216430664,0.019913852214813232,0.00607830286026001,0.006653130054473877,-0.008844733238220215,-0.009076595306396484,0.012729287147521973,0.01906806230545044
2026-05-11,0.007029294967651367,0.005254983901977539,-0.018230855464935303,-0.009042680263519287,0.019115149974822998,-0.028186023235321045,0.024427056312561035,-0.009379863739013672,-0.004256010055541992,0.006216764450073242,0.026785671710968018,-0.02822089195251465,-0.03383380174636841,-0.06798994541168213,0.032006144523620605,0.02565920352935791
2026-05-12,-0.02949601411819458,-0.027209937572479248,-0.0212058424949646,-0.01368778944015503,0.01601099967956543,0.005078434944152832,0.008027136325836182,-0.007627546787261963,0.029185950756072998,0.03280436992645264,0.018599987030029297,-0.04581725597381592,-0.037032127380371094,0.008563458919525146,0.01661050319671631,0.020458459854125977
2026-05-13,0.004949688911437988,0.014674544334411621,0.026818037033081055,0.005430459976196289,-0.008368253707885742,-0.0024140477180480957,-0.014402389526367188,-0.014206230640411377,-0.01153111457824707,-0.004574775695800781,-0.015366911888122559,0.01764214038848877,-0.014500677585601807,0.022115767002105713,-0.0004780292510986328,-0.020737648010253906
2026-05-14,0.010282516479492188,-0.002342522144317627,0.012545585632324219,0.0012001991271972656,-0.0182572603225708,-0.0068659186363220215,-0.008635759353637695,0.003817915916442871,0.004559874534606934,-0.025282740592956543,0.006179869174957275,0.006180763244628906,-0.005488932132720947,0.009851992130279541,-0.0003185272216796875,-0.007328391075134277
2026-05-15,-0.01753336191177368,-0.0016673803329467773,-0.022865474224090576,-0.0021978020668029785,0.010413825511932373,-0.02108001708984375,0.011173903942108154,-0.018373727798461914,-0.0075255632400512695,-0.0010720491409301758,-0.015609145164489746,-0.02060079574584961,-0.002272665500640869,0.0014213919639587402,-0.013772726058959961,0.017143309116363525
2026-05-18,0.006442070007324219,0.0034085512161254883,-0.008299708366394043,-0.019823789596557617,0.00924229621887207,-0.008625209331512451,0.002348184585571289,-0.02663034200668335,0.0029227733612060547,0.038861632347106934,-0.009371519088745117,-0.01208508014678955,-0.01259756088256836,0.007117271423339844,0.007617354393005371,0.010773181915283203
2026-05-19,-0.016694068908691406,-0.0029214024543762207,0.0036034584045410156,-0.0020428895950317383,-0.0038791894912719727,0.0007007122039794922,0.0002205967903137207,0.016594767570495605,0.011806845664978027,-0.012098073959350586,-0.006808638572692871,-0.0018581748008728027,-0.007956326007843018,0.018785834312438965,0.009733378887176514,-0.004074692726135254
2026-05-20,0.003606557846069336,0.012230873107910156,-0.0033588409423828125,-0.0002046823501586914,0.016560852527618408,-0.004084467887878418,0.005664706230163574,-0.029449105262756348,0.0037079453468322754,0.010065972805023193,0.015738308429718018,-0.013264000415802002,0.012575864791870117,0.011185050010681152,-0.03739809989929199,0.006788134574890137
2026-05-21,0.0056972503662109375,-0.06172800064086914,0.014410257339477539,0.0075757503509521484,-0.03779590129852295,0.024021506309509277,-0.006806850433349609,0.03028571605682373,-0.054172515869140625,-0.045281171798706055,-0.00762021541595459,-0.025548279285430908,0.008998394012451172,-0.03378176689147949,-0.021832942962646484,-0.012331962585449219
2026-05-22,0.008279561996459961,-0.0002536773681640625,-0.00022912025451660156,0.007315635681152344,-0.0019832849502563477,0.027348637580871582,0.0005879402160644531,0.008769035339355469,-0.08261418342590332,0.02447187900543213,0.006198883056640625,-0.013391375541687012,0.026476025581359863,0.008231103420257568,0.0082322359085083,-0.0009539127349853516
2026-05-25,0.013570785522460938,-0.0051659345626831055,0.012833714485168457,0.022997736930847168,0.02087271213531494,0.015036702156066895,-0.01639711856842041,-0.008856773376464844,0.023335039615631104,-0.010127782821655273,-0.0067365169525146484,0.0050694942474365234,-0.013077497482299805,-0.0009442567825317383,-0.010774493217468262,-0.016642212867736816
2026-05-26,-0.008783876895904541,0.002080976963043213,0.017535924911499023,-0.006901979446411133,0.023247241973876953,-0.020300686359405518,-0.021919965744018555,-0.01638263463973999,0.024412035942077637,-0.01033473014831543,-0.0027261972427368164,-0.000732123851776123,-0.012838184833526611,0.005312502384185791,-0.06203198432922363,-0.013124704360961914
2026-05-27,0.005678415298461914,-0.0015797615051269531,0.02234816551208496,0.00873708724975586,0.0026340484619140625,0.0036401748657226562,-0.009910821914672852,-0.005383551120758057,0.005704283714294434,-0.012977123260498047,0.009886324405670166,-0.01652693748474121,0.005898714065551758,-0.0047419071197509766,0.025879323482513428,-0.021353840827941895
2026-05-29,-0.017708957195281982,0.015015780925750732,-0.025883615016937256,-0.004921257495880127,0.024523675441741943,-0.02449643611907959,0.019136369228363037,-0.01759129762649536,0.008414208889007568,-0.05094194412231445,-0.046555161476135254,-0.022599399089813232,0.006371974945068359,0.009091377258300781,0.009541094303131104,0.013520121574401855
